MINMDT,MAXMDT,RANGEMDT,MEANMDT,STDMDT,MINPENDI,MAXPENDI,RANGEPENDI,MEANPENDI,STDPENDI,MINDISN10M,MAXDISN10M,RANGEDISN10M,MEANDISN10M,STDDISN10M,MINCARRETN,MAXCARRETN,RANGECARRETN,MEANCARRETN,STDCARRETN,MINDISAUT,MAXDISAUT,RANGEDISAUT,MEANDISAUT,STDDISAUT,MINDISFERR,MAXDISFERR,RANGEDISFERR,MEANDISFERR,STDDISFERR,TJUVEN03,TJUVEN10,TJUVEN21,RMASCU03,RMASCU10,RMASCU21,IENVEJ03,IENVEJ10,IENVEJ21,IREEMP03,IREEMP10,IREEMP21,PRMEF03,HIJMUJ03,PRMEF10,HIJMUJ10,PRMEF21,HIJMUJ21,CARMAT03,CARMAT10,CARMAT21,Shape_Length,Shape_Area,AREAKM2,NHOSPI,NFARMA,NCENTEDUC,DISTHOSPIT,DISTFARMA,DISTATPRIM,VIVTUR21,PLA21,CBMAS30,COB3G,COB4G
65,552,487,220.690553,104.095285,0.0,31.196602,31.196602,11.105984,6.565275,10222.36131,18030.0433,7807.681992,14238.81231,1774.444489,2309.794799,7925.652934999999,5615.858136,5211.5589009999985,1368.464182,2536.012162,7879.639097,5343.626935,5252.117678000001,1356.134271,2705.68166,8746.590231999999,6040.908573,5749.752886,1469.249092,9.338521401,10.99526066,11.06870229,110.2249489,112.7016129,113.0081301,272.9166667,207.7586207,225.862069,100.0,171.4285714,210.5263158,46.21676892,11.50442478,81.85483871,10.34482759,35.16260163,16.76300578,4.424778761000001,6.157635468,7.514450867000001,21861.96808,25429618.19,25.42961884,0,1,0,13305.25679,6689.805575,1503.589655,9,79,0.6,0.98,0.98
-6,218,224,57.649513,42.324675,0.0,23.273787,23.273787,5.522714,4.048844,3627.160981,10322.17115,6695.010172,7050.115589,1466.34042,630.787888,7233.621663,6602.833775,3823.505434,1603.077539,711.327573,7398.792064,6687.464491,3933.699944,1619.715707,136.496047,6928.360484999998,6791.864438,3588.079635,1582.686909,12.22579702,14.321578,14.30312431,97.80156205,99.02450631,97.20340835,142.3444976,113.43906509999998,139.0395043,84.89010989,148.38709680000005,146.8325792,46.60109922,18.00124146,86.00999286,13.278008300000002,34.25824776,23.66071429,9.062693979,6.0304287689999985,11.54336735,24863.96655,24582482.05,24.58248138,0,2,4,6086.627482,3558.752869,1682.295735,156,814,0.99,1.0,1.0
-3,391,394,141.15611299999995,83.474135,0.122584,33.228851,33.106266999999995,8.968757,5.108402,7426.209531999999,17766.18496,10339.97543,11560.1422,2042.104968,642.0840450000002,7607.870873000002,6965.786828,4448.946061,1613.155484,1505.328834,8355.393331000001,6850.064497,5093.819928,1591.279749,29.899407,6952.335190000002,6922.435783,3612.649349,1563.328365,11.18854046,10.10830325,9.889208043,104.8374306,102.189781,107.5809199,215.2249135,236.1111111,277.1784232,89.74358974,178.4313725,220.4301075,45.20222046,14.73684211,69.9107867,9.280742458999999,32.79386712,14.02597403,6.842105263,3.712296984,5.454545455,37853.18126000001,46802069.06,46.80207062,0,0,2,9033.361309,4085.905018,1657.810817,64,322,0.96,1.0,1.0
203,942,739,467.78432,140.75588100000004,0.17336,37.476574,37.303214,14.057126,5.779102,12638.33971,18888.82245,6250.482731,15944.48864,1606.704112,2064.897847,5128.114337,3063.21649,3901.402279,686.708266,2976.319976,7164.904103,4188.584128,5300.48035,1047.948744,1981.811338,6228.468557,4246.657218,4319.904522,1062.857064,8.762886598,6.336088154,6.015037594,101.0362694,96.21621622,121.6666667,326.47058819999995,495.6521739,568.75,121.05263159999998,164.28571430000005,580.0,38.34196891,12.16216216,65.40540541,5.7851239670000005,27.5,15.15151515,2.702702703,2.4793388430000003,12.12121212,18095.00671,20968511.21,20.96851158,0,0,0,18892.14952,9992.467164,1794.658987,5,33,0.0,1.0,1.0
112,828,716,329.966152,142.75193000000004,0.122584,36.627811,36.50522700000001,12.574647,6.543079,11811.46806,17908.87573,6097.407663,15118.0062,1392.512381,1855.866321,8209.010547,6353.144227000002,4637.502394,1354.030563,3017.3955960000008,8966.576362,5949.180766,5651.981909,1432.076543,7856.948181999999,14249.65316,6392.704977,11335.25418,1545.857008,12.8975265,12.01754386,10.57312253,108.4714549,106.52173909999998,108.2304527,165.06849319999995,189.0510949,241.1214953,68.29268293,92.15686275,118.86792450000002,50.27624309,14.28571429,81.52173913,9.777777777999999,34.97942387,24.70588235,5.494505495,4.444444444,13.52941176,23378.85926,30035887.07,30.03588676,0,0,0,18897.89015,5427.973068,2070.778547,3,10,0.98,1.0,1.0
93,406,313,208.388603,59.292864,0.245168,25.827484,25.582316,9.556939,4.765916000000002,13821.1559,20377.30524,6556.1493340000015,16764.10692,1564.2108119999998,681.515184,5005.494757,4323.979573,2791.177644000001,993.633637,24.123004,4693.156596,4669.033592,2249.648415,1073.912891,1156.337951,5600.159683,4443.821731,3376.075789,962.969078,12.24242424,11.27733026,13.65591398,104.7146402,106.9047619,101.2987013,176.23762380000005,180.6122449,138.58267719999998,80.43478261,62.5,205.8823529,46.65012407,14.36170213,86.19047619,11.60220994,37.87878788,21.71428571,4.787234043,4.696132597,13.71428571,18946.55984,19880337.51,19.88033676,0,1,0,14609.44994,2782.80505,1710.234745,13,65,1.0,1.0,1.0
-6,902,908,244.335221,186.230875,0.122584,39.551285,39.4287,12.252008,7.292569999999999,18295.70685,30655.3326,12359.62575,24409.12885,2709.935942,25.177889,7905.058456000002,7879.880566,3210.455369,1889.763525,19.647525,8507.696403,8488.048878,3453.725533,1961.163345,27.659732,7118.506379,7090.846647,3266.47485,1569.379107,9.016727866,9.550561798,10.10662958,108.5957447,108.4684685,109.6209913,282.3529412,265.158371,274.31192660000005,76.12903226,176.9230769,233.3333333,46.80851064,11.27272727,74.95495495,9.735576923,33.91642371,14.32664756,5.090909091,4.807692308,8.88252149,50668.61551,97730952.07,97.7309494,0,0,2,22406.84786,3173.649654,2540.633788,53,346,1.0,1.0,1.0
2,710,708,221.39156,154.115443,0.122584,42.845379,42.722794,13.521795999999998,7.8870710000000015,5790.680639,13682.7489,7892.068262000002,8971.024140000001,1892.803896,7.619812,4578.718067,4571.098255,2178.055308,874.433641,2845.067381,10891.19503,8046.127645,6435.683771,1697.1684699999996,20.705519,6715.403716,6694.698197,2249.270292,1350.066283,12.81767956,14.1764284,13.55311355,104.6353872,104.0487805,100.4589261,156.46551719999997,132.20910619999998,158.7837838,88.88888889,132.5153374,120.5357143,47.65404183,19.6915777,87.26829268,13.24762437,33.63928408,18.14461119,8.896797153,6.036892119,9.004092769,35640.325939999995,32467579.9,32.46757889,0,1,0,9542.464781,5162.058774,2510.6787,38,250,1.0,1.0,1.0
132,1216,1084,576.39915,240.255629,0.0,45.805107,45.805107,16.547057000000002,8.424658,12476.23724,22462.80629,9986.56905,17407.61233,1843.192946,12.936351,10421.8262,10408.88984,4636.723312,2696.320154,28.382859000000003,9263.702483,9235.319624,4126.307534000001,2268.863466,52.92775,10861.02648,10808.09873,4954.033208,2641.067273,9.392838609,7.221609702,9.51262478,103.4846885,105.2036199,101.5384615,298.8950276,385.4961832,304.3209877,68.46153846,139.7435897,346.51162789999995,44.56177402,9.004739336,71.38009050000002,6.18066561,35.26627219,18.79194631,4.502369668,2.535657686,10.73825503,58755.39393,86761259.62,86.76126099,0,0,0,21078.3992,3115.216262,3711.504512,14,76,0.97,1.0,1.0
0,212,212,45.127607,51.746085,0.0,27.644512,27.644512,6.833467999999999,6.755605,1525.743531,5122.269401,3596.5258700000004,3376.41651,949.147817,3050.783798,5152.201588,2101.41779,4032.673666,501.091276,4037.734292,6191.334239,2153.599947,5158.556262,552.801035,3053.302067,5258.723229,2205.421162,4122.810344,540.818167,15.6360424,16.95730607,14.01308615,109.6296296,108.6574655,106.5315315,87.00564972,73.40425532,123.3463035,63.07692308,122.05882350000002,135.84905659999998,52.77777778,21.05263158,90.4642409,12.76005548,36.26126126,20.49689441,10.52631579,6.518723994,10.55900621,10356.63204,5572748.972,5.572749138,0,1,0,6245.39152,3052.190241,1077.7923119999996,23,119,1.0,1.0,1.0
-1,230,231,53.80176700000001,42.729821,0.0,37.47604000000001,37.47604000000001,6.494651,5.864903,4978.744538,12372.92486,7394.180320999999,9203.840491,1725.148657,2483.8469210000007,10023.59868,7539.751754999998,6511.532412,1957.445639,2855.144148,10471.39271,7616.248564,7195.05795,1784.208569,3030.542749,10193.95087,7163.408115,6655.354559,1944.658515,11.54249738,11.33679735,10.72761194,102.3354565,102.5837321,99.07149489,198.1818182,185.0,227.826087,79.0,146.0674157,166.34615380000002,44.9044586,17.49408983,79.0430622,9.200968523,32.68337976,20.17045455,7.80141844,4.963680387,10.51136364,25422.07033,24761082.19,24.7610817,0,0,4,11773.96289,1886.444445,1209.848217,95,475,0.1,1.0,1.0
150,1389,1239,599.953981,269.778316,0.122584,65.276955,65.15437,20.168424,9.630402,15971.2642,24824.257380000006,8852.993186,20722.70298,1939.566738,9518.068036,16107.58485,6589.516809000002,12422.03253,1381.674271,9372.054471,17810.51895,8438.464482,13680.1916,1977.81975,6307.81641,15129.94485,8822.128440999999,11231.36391,1963.497989,5.8823529410000015,6.382978723,7.872340426,127.1255061,133.93665159999998,133.8308458,503.030303,521.2121212000002,429.7297297,105.7142857,328.5714286000001,309.0909091,45.74898785,9.734513274,80.09049774,6.7796610170000005,36.8159204,9.459459459,2.654867257,4.519774011,6.756756757000001,31531.45563,46794719.25,46.7947197,0,1,0,22397.26535,2018.072648,3057.869865,27,152,0.0,0.97,0.7
-2,85,87,13.677182,14.040871,0.0,13.660756,13.660756,2.85807,2.613868,41.014223,3689.807734,3648.793511,1789.685783,937.948917,28.658199,2183.188048,2154.52985,1329.404816,510.135263,39.626904,1971.027782,1931.400878,958.232505,475.519126,20.757125,1679.512229,1658.7551039999996,751.046023,352.432341,12.46499556,14.97862639,14.74387282,94.0490391,96.67077682,94.96340938,122.4109589,93.68340944,124.4852115,62.60454002,123.5632184,127.3029967,48.16434725,17.63896533,90.07958749,13.58885017,34.54584589,20.62305296,8.778205834,6.483325037,10.15576324,12525.42965,6494233.405,6.494233607999999,0,2,6,6453.595185,6767.737940000001,1266.740508,20,91,0.99,1.0,1.0
82,634,552,213.410409,95.176967,0.0,42.772232,42.772232,8.746998,6.616377000000001,9890.434019,20206.08749,10315.65347,15515.61437,2610.771199,25.609788,4519.940451,4494.330663000002,1541.826932,984.66709,35.902236,4688.488423,4652.586186,1995.732038,1072.116284,12.505534,5094.776489,5082.270955,1933.401434,1175.65238,14.25266675,14.73203557,13.57427777,97.53744605,96.73758865,91.50462963,108.025248,105.3833605,151.2911843,53.98058252,98.7804878,162.9441624,47.82939832,18.84288747,84.06619385,12.85151856,31.73611111,18.30780452,9.023354565,5.877390326,9.263311451,31629.423280000006,33222515.28,33.22251511,0,4,0,13872.99435,3068.343231,1744.336577,33,187,1.0,1.0,1.0
-3,262,265,71.79966,68.810068,0.0,31.180275,31.180275,7.37277,5.919245,1673.336356,10569.6484,8896.312043,6281.339682,1945.368488,1.430532,4655.135373,4653.704841,1545.619596,1019.68791,26.910749,4251.4192619999985,4224.508514,1831.650829,813.3000559999998,17.200435,5005.825985,4988.62555,1896.688177,1028.943021,11.70463472,14.59378134,14.70788816,100.3147128,108.3594566,104.8905449,173.1543624,103.7800687,123.0293663,117.9245283,156.81818180000005,142.3076923,45.55468135,21.76165803,96.60397074,13.62898864,36.09687937,21.16129032,11.74438687,7.084910763,9.419354839,28585.81011,36138364.67,36.13836288,0,1,0,5606.041536,9863.135025,1828.149032,30,152,1.0,1.0,1.0
271,1274,1003,693.4372490000002,242.511112,0.0,45.702126,45.702126,20.409326,9.622034,11173.29223,16221.09559,5047.803356,13739.391930000002,1164.47893,12.544805,6303.571793,6291.026988000001,2920.250418,1483.042016,17.277666,5874.182372,5856.904705,2215.288483,1334.728653,13.881651000000002,6146.139404,6132.257753,3275.147509,1282.892972,9.212121212000001,8.375634518,6.408345753,97.84172662,98.48866499,100.8982036,278.9473684,303.030303,513.9534884,71.11111111,167.8571429,345.0,42.44604317,9.039548023,70.78085642,8.896797153,32.63473054,11.9266055,5.084745763,3.914590747,3.669724771,31919.24891,30528254.78,30.52825546,0,0,0,27678.183080000006,6588.072185,2159.282152,9,54,1.0,1.0,1.0
-1,274,275,77.110571,52.83334,0.0,36.535297,36.535297,6.891147,4.937064,10856.35601,14968.27645,4111.9204340000015,13252.45578,761.844557,2499.43024,11048.92926,8549.499020000001,7061.386561,2050.087334,2861.036959,11323.7651,8462.728137,7334.224543,2089.066134,3452.475204,11129.68693,7677.211725,7425.510187000001,1880.291922,12.80846063,11.88504627,13.80930014,104.0767386,101.8682399,101.9924099,172.4770642,157.7868852,155.44217690000005,95.74468085,89.18918919,205.0,43.76498801,15.89041096,86.33235005,10.93394077,33.87096774,24.3697479,7.397260274,4.555808656,11.20448179,29842.1489,32260845.92,32.26084518,0,0,0,13734.68981,3139.172344,2226.939885,56,332,0.99,1.0,1.0
24,614,590,249.164854,134.969225,0.122584,41.58485,41.462266,12.604351,6.555614,30340.571010000003,39059.21982,8718.648811,35138.74839,2250.016474,1030.939594,8967.000504000001,7936.060909999998,5407.861405,1736.433533,3834.476054,10401.87766,6567.401604,6689.318969,1526.092544,3912.704315,10462.72489,6550.0205700000015,6817.287777,1495.833317,5.7455540360000015,4.622496148,5.602716469,131.3291139,127.7192982,125.6704981,500.0,686.6666667000002,660.6060606000002,213.7931034,289.4736842,280.0,52.84810127,4.191616766,77.19298246,5.909090909,29.88505747,10.25641026,2.395209581,3.181818182,3.846153846,27047.92222,40210677.78,40.2106781,0,0,0,33005.6051,5758.33207,2625.827307,14,75,1.0,0.99,1.0
285,1972,1687,881.596143,318.04082200000005,0.122584,44.892879,44.770295,21.503751,7.7054839999999984,29248.3842,42285.0658,13036.6816,35722.20448,2957.216711,989.438321,13134.42721,12144.98889,6782.855385,2861.057517,22191.63738,33332.1756,11140.53822,27193.83225,2372.503671,21840.16071,30739.7068,8899.54609,26451.12011,2154.113849,6.355932202999999,8.84057971,8.275862069,124.7619048,150.9090909,130.1587302,522.2222222,331.147541,395.8333333,153.5714286,364.2857143,219.047619,46.03174603,17.24137931,84.0,9.090909091,35.31746032,15.73033708,6.206896552000001,3.03030303,6.741573034,44398.58777,81402356.55,81.40235901,0,0,0,45725.90349,5462.3278420000015,3862.880327,27,137,0.0,1.0,0.0
188,1165,977,569.470968,197.514399,0.122584,40.63744000000001,40.514855,17.625076,7.60422,20037.461,29453.00097,9415.539964,24427.67403,1960.916204,5539.608667,20082.25648,14542.647819999998,11778.93439,3212.3863260000007,6434.554311,20443.65716,14009.10285,12296.092,3068.833312,5329.222465999998,20122.64319,14793.420719999998,11836.55045,3275.786811,9.558160505,7.6427255989999985,7.106598985,104.99075790000002,109.24855490000002,113.2034632,297.1698113,397.5903614,464.2857143,126.0869565,180.0,284.0,43.25323475,14.1025641,74.75915222,7.731958763,35.28138528,7.36196319,6.41025641,3.350515464,5.521472393,56197.0798,85667728.73,85.66773224,0,1,0,25299.45041,1964.256683,2675.3304780000008,19,131,0.0,1.0,1.0
90,644,554,209.78871400000003,118.278908,0.0,33.465115000000004,33.465115000000004,8.485828999999999,6.129933,3375.204062,11942.05513,8566.851063,7734.633345,2105.881034,8.458205,5255.934924,5247.476718999998,2015.384184,1250.566084,43.850561,5747.754063,5703.903502,2489.309644,1182.548576,2637.08857,7843.067481999998,5205.978912,5466.822609000002,1129.216882,11.69590643,11.18385161,14.43726937,100.4689332,103.2150776,102.238806,194.0,200.4878049,133.86581470000002,124.0,120.0,186.3013699,45.60375147,17.99485861,82.03991131,9.189189189,36.28731343,23.90745501,8.483290488,4.189189189,12.59640103,24699.24609,31665995.04,31.66599464,0,1,0,13833.39039,2373.148754,2189.227455,14,84,0.95,1.0,1.0
312,2597,2285,1257.183222,482.98957800000005,0.17336,61.002148,60.828787,23.568804,10.067395,43660.99028,61072.92597,17411.935690000002,52182.10557,3882.727726,544.075544,14039.99463,13495.91909,6337.886028,2929.450089,22294.58028,36694.61214,14400.03186,29071.24504,3343.518313,20608.09186,33542.69262,12934.60076,27820.7493,2999.29262,9.580291971,9.333333332999999,7.531380753,113.229572,117.8423237,127.0783848,329.5238095,305.10204080000005,373.6111111,104.2553191,197.2222222,248.6486486,44.55252918,15.72052402,69.08713693,7.807807808,34.91686461,12.24489796,9.170305677,3.0030030030000003,6.802721087999999,57506.56861,162209468.6,162.2094727,0,0,0,44332.00916,2536.907974,3947.625031,58,280,0.0,0.99,1.0
491,1072,581,731.720339,112.596021,0.6129,44.565964,43.95306400000001,18.30196,9.429756,9560.623315,12654.21627,3093.592954,11111.32957,791.218227,30.447772,2426.243625,2395.795853,1247.765676,590.960438,26.984425,3076.453067000001,3049.468641,1340.20526,704.757783,14.32989,2757.082218,2742.752328,1330.744499,577.893963,6.41025641,11.11111111,2.43902439,116.6666667,125.0,148.4848485,480.0,300.0,1450.0,133.3333333,500.0,200.0,41.66666667,6.666666667,62.5,10.0,45.45454545,6.666666667,0.0,5.0,6.666666667,12114.35435,8839607.362,8.839607239,0,0,0,30609.88608,4762.953116,2787.054576,0,0,0.0,1.0,1.0
-3,340,343,82.156182,61.284064,0.0,27.977474,27.977474,7.444591,5.142568,2755.871939,10421.32991,7665.457972,6915.047875,1563.127924,7.757469,4967.250951,4959.493483,1764.540112,1027.665711,30.768402,5632.389774,5601.621372,2960.714497,1200.097992,9.167629,4200.018882,4190.851253,2125.8789030000007,898.270198,14.93250844,17.90483355,18.25619359,99.85949136,100.7740961,97.80428506,96.70433145,62.23739496,74.90006312,63.84615385,108.6956522,101.3927577,49.65575383,23.54272779,95.12885868,15.48079786,36.59778149,25.41000623,11.43180532,7.680857398,12.14448827,63632.49824,84264762.18,84.26476288,0,3,4,6315.599353000001,3233.334292,1848.820948,153,842,0.98,1.0,1.0
-4,288,292,53.255221,53.027727,0.0,24.326733,24.326733,4.852044,4.255798,47.623313,7692.543947,7644.920634999998,3048.574336,1653.064733,20.697426,3088.079072,3067.3816460000007,1299.897474,734.8643910000002,23.484486,4870.110897,4846.626411,1718.785423,1071.888564,20.246905,3577.734408,3557.4875030000007,1747.256854,809.0941349999998,13.95856052,16.17647059,13.25376267,97.43175702,98.45273288,95.49358974,104.4084821,84.20846395,149.50519540000005,62.06199461,113.8537271,124.8195447,48.48135333,19.11181602,86.42052959,13.83551674,33.0,17.67676768,9.05630452,6.6739446870000005,8.624708625,31999.37381,36963141.75,36.9631424,0,0,14,4578.265833,6086.935354,1827.830091,64,291,1.0,1.0,1.0
745,1316,571,920.526408,106.054428,0.0,33.572449,33.572449,6.558114,5.794327,4029.926075,21787.35666,17757.43059,12907.02601,4402.384174,60.106245,9285.169631,9225.063385,5359.88767,1960.25785,1314.703636,17023.87005,15709.16642,8915.418033,3649.299293,2533.157427,10752.04176,8218.884329,7535.711510999998,1765.9640940000004,7.297297297,9.490084986,12.79411765,104.4198895,120.625,120.0647249,446.29629630000005,317.9104478,218.3908046,78.37837838,206.25,165.51724140000005,42.26519337,14.37908497,71.875,6.9565217389999985,37.21682848,20.0,5.8823529410000015,2.608695652,8.695652174,48688.62275,89431452.16,89.43144989,0,1,2,38134.20404,4655.837595,3657.872479,9,66,1.0,1.0,1.0
21,615,594,201.651954,127.851619,0.0,44.455868,44.455868,11.437926,6.879367,1416.777313,8358.255711,6941.478398,4843.379559,1695.821296,18.129879000000006,4325.837098,4307.707219,1834.70898,1096.18709,26.179758,4163.247624000001,4137.0678659999985,1920.106667,943.806252,199.665428,4519.9921840000015,4320.326756,2405.030381,964.628358,17.29585007,19.05663952,18.90434783,104.6575342,105.0097087,99.79152189,72.91021672,52.68389662,59.42962282,64.28571429,86.17021277,88.17891374,57.42465753,26.33587786,106.8737864,16.86046512,39.88881167,23.51916376,12.78625954,8.103197674,11.8466899,18822.25772,18904639.82,18.9046402,0,1,0,5528.395502,10676.88459,2363.363877,33,135,1.0,1.0,1.0
40,339,299,156.239216,82.434129,0.0,29.230228000000004,29.230228000000004,9.810433,6.428535,7524.860093000001,12213.88304,4689.0229450000015,9858.354361,1090.139874,14.431388,3010.950887,2996.519499,1133.7484060000004,669.4983980000002,23.489088,3822.865539,3799.376451,1596.251779,823.981901,2216.477858,7046.62338,4830.145522,4484.509998,1113.974341,12.21468229,14.65329263,17.06833939,99.87669544,102.2045855,104.5239703,168.18181819999995,109.2261905,79.49709865,95.18072289,110.8433735,101.4705882,47.96547472,20.30848329,99.47089947,12.41134752,42.06617151,25.68218299,9.511568123,5.673758865,12.19903692,19908.3028,19157722.39,19.15772247,0,0,4,12540.96093,4598.925409,1380.475091,17,99,0.94,1.0,1.0
-2,726,728,233.073115,159.399608,0.0,50.417927,50.417927,14.633712,8.016501,40.585146,11187.63239,11147.04724,5667.548994,2255.484547,21.700385,7920.958917,7899.258531999999,2709.438015,1734.1335010000007,14.38132,7316.439713,7302.058394,2458.315538,1456.454392,3071.906039,14713.28601,11641.37997,9332.560887,2795.692214,14.82261734,16.498233,14.49886277,101.8712257,102.6638186,98.04804805,89.88061399,72.81097332,106.6513282,81.5920398,105.9052059,109.9427382,51.31411074,22.90734295,95.4199912,13.73452726,34.94294294,20.57408044,10.80722692,6.8606794839999985,9.917497422,56897.05655,95917256.08,95.91725922,0,11,36,14372.1827,8916.145289,3840.096596,178,813,0.76,1.0,1.0
122,946,824,474.711622,167.765798,0.245168,49.246864,49.001697,17.227251000000006,7.079926,11652.99886,20034.47577,8381.47691,14949.93632,1760.2875789999996,859.7511880000002,10303.82515,9444.073963,5766.11279,2352.300984,9.424087,9121.697072,9112.272985,4244.044419,2404.027588,2327.850694,10816.8821,8489.03141,6450.573267,2136.8625920000004,8.100147275,8.780487805,10.40145985,96.24277457,100.9803922,104.4776119,405.4545455,374.0740741,335.0877193,150.0,235.0,80.76923077,32.65895954,15.92920354,66.33986928,9.852216749,30.59701493,31.70731707,10.61946903,4.926108374,14.63414634,30832.35973,43984852.5,43.98485184,0,0,0,16228.54613,4401.5718670000015,3260.063686,3,15,0.13,1.0,1.0
172,2382,2210,937.128606,470.97467400000005,0.346717,65.327324,64.98060600000001,23.319627,10.036979,35864.041860000005,54447.82402000001,18583.78216,45434.70633,4409.629406,14.647549,10871.19334,10856.54579,3642.576349,2514.910251,16081.37412,25612.1709,9530.796779,20825.71379,2011.47983,15148.29008,25485.28833,10336.99824,20187.13471,2201.146303,11.88811189,12.71375465,10.77752117,117.0777989,120.13093290000002,110.19417479999998,218.3823529,166.66666669999995,207.1428571,90.0,109.0909091,155.8823529,48.76660342,16.34241245,84.77905074,10.61776062,35.76051779999999,18.09954751,9.727626459,4.44015444,9.049773756,56952.47771,106456612.1,106.4566116,0,1,0,45347.00512,7597.778565,3259.163146,58,306,0.0,1.0,1.0
-2,312,314,71.61219799999998,93.075432,0.0,25.834288,25.834288,5.825813,6.072495,2247.935462,4329.480366,2081.544904,3368.453915,468.252062,25.735528,1484.105031,1458.369503,699.831845,323.953152,51.846025,3524.892572,3473.046548,1766.158545,866.8624179999998,419.178058,3439.615054,3020.436996,2074.49575,727.103869,15.43556515,16.83180894,14.40498589,99.74115617,99.695586,97.72146013,83.30223881,85.88679245,128.8163265,74.20212766,106.9767442,104.5098039,50.18694277,20.97421203,89.16793506,12.88762447,35.85212741,20.49286641,10.42979943,5.490753912000001,10.37613489,13650.39395,5951238.8089999985,5.951238632000001,0,3,12,2988.188744,8363.11942,1382.50779,12,50,1.0,1.0,1.0
-2,307,309,77.89335799999998,59.237262,0.17336,24.702366,24.529006,9.003142,4.812208999999998,16890.89049,22642.33588,5751.445389,20150.77133,1126.348032,2324.43436,6882.028986,4557.594626,4599.578896,1032.137562,1359.115339,7092.85127,5733.735931,4169.894774,1367.403654,2515.226927,8511.051986,5995.825059000002,5481.572719,1390.830371,10.29857205,9.301380991,9.211147851,89.42622951,90.70487994,89.52551477,243.697479,266.8122271,320.0,88.42975207,167.64705880000002,256.7164179,39.01639344,12.39495798,71.72734314,8.207343413,29.00626679,12.34567901,5.8823529410000015,3.455723542,6.172839506,21243.13168,18474592.67,18.47459221,0,1,0,17694.06324,9214.792249,2118.877712,96,479,0.98,1.0,1.0
55,782,727,299.315044,154.463862,0.0,48.114895,48.114895,13.711925,7.836697,5136.952593,13472.741869999998,8335.789273999999,9931.249567,1735.7526280000004,12.639192,6048.732546,6036.093354,2364.815039,1468.508509,7.905374,6010.376102,6002.470728,2580.09484,1424.04829,36.624313,6648.544637,6611.9203240000015,3123.726922,1520.219097,13.07027226,14.79091378,12.90292441,99.8896856,99.07502569,94.49391241,141.3793103,119.8371146,176.7559739,79.31034483,135.5289421,126.4220183,48.26254826,19.6952381,85.11476533,12.55785872,32.12793022,18.5520362,9.904761905,5.836184342999999,9.162895928,32735.9077,45226482.85,45.22648239,0,4,50,11549.88311,2119.814003,2802.149137,13,78,0.98,1.0,1.0
80,1054,974,444.97253,214.811688,0.0,43.778137,43.778137,13.090492,7.2875770000000015,10324.14063,22158.02125,11833.88061,16399.667390000002,3269.398284,6.503819999999998,4697.66281,4691.15899,1919.0341670000007,1207.684726,3715.36065,12651.88746,8936.526807,8661.740791,1765.260365,5431.393074000001,11691.82336,6260.430289,8348.737915,1319.955989,11.77278974,11.07566089,11.10029211,100.6433824,102.5854109,101.1753183,196.1089494,205.7613169,228.9473684,110.7843137,111.5384615,183.5443038,46.41544118,17.42574257,80.9787627,9.007981756,33.3006856,14.70588235,9.306930693,4.446978335,7.647058824,37637.28683000001,49994212.04,49.9942131,0,1,0,19620.15234,9098.659749,2288.470548,12,58,0.1,1.0,1.0
702,1439,737,976.212989,136.08290300000002,0.0,34.526546,34.526546,9.379957,6.511628,637.391919,9486.587212,8849.195293,4753.581507,2045.2036920000005,11.437139,5708.221043,5696.783903000001,2272.772098,1212.461555,16.376935,4805.331281000002,4788.954346,2026.39633,1069.265203,71.5341,6080.875368,6009.341268,3361.525856,1153.91503,9.984984985,10.75268817,13.46153846,105.1334702,107.7929155,103.3039648,195.4887218,188.0487805,189.3360161,70.98214286,180.0,184.516129,47.38193018,13.43445287,81.58038147,9.953239813,32.9845815,25.54257095,6.283856987999999,4.475617902,12.35392321,61260.22159,91096944.1,91.09694672,0,0,0,41384.4779,3798.549953,3776.479906,5,49,0.0,1.0,1.0
30,792,762,270.845657,174.975854,0.0,44.628407,44.628407,12.56062,7.293903,3511.31455,11541.37168,8030.05713,7787.499217,1955.093542,10.055356,4423.679781,4413.624425,1597.482559,1083.931251,53.464962,7455.8114129999985,7402.346451,3617.557364,1828.349691,2106.935415,8796.024607,6689.089192,5601.901723,1548.840116,10.84386466,12.1125757,15.5754652,102.2258862,103.997093,101.8080668,196.2406015,153.5294118,138.9380531,69.17293233,137.6146789,150.76923080000003,49.13437758,14.09395973,89.09883721,11.82707993,35.60500695,21.09375,7.214765101,4.893964111,9.375,31293.71737,35905364.66,35.90536499,0,1,2,11110.76706,8194.834573,2140.18334,7,36,0.91,1.0,1.0
9,552,543,156.320665,112.358848,0.0,32.958694,32.958694,9.332162,6.361671,7187.333034,17991.86905,10804.53602,12834.37171,2895.783156,12.705902,9246.426737,9233.720835,3417.8583020000005,2263.441389,40.457567,8847.343461,8806.885894,3543.491365,1953.078791,124.20234,7776.454547,7652.252206999998,3596.160757,1988.76465,12.12364512,14.97766283,19.54452119,99.59935897,107.0593963,100.3365744,174.5033113,93.24960754,67.23973257,85.95041322,133.3333333,121.3592233,42.86858974,18.69158879,102.9211295,13.62346263,39.37920718,24.88129155,8.224299065,5.581835383,11.8708452,34846.83537,43159041.93,43.15904236,0,2,4,15197.80889,4308.217488,2265.488106,31,188,0.99,1.0,1.0
-2,204,206,46.495283,52.073748,0.0,37.846573,37.846573,5.744617,6.265406,865.016678,9918.269745,9053.253067,5347.499111,2061.542277,146.509664,3667.874842,3521.365178,1902.91004,779.640058,1088.490279,5065.646163,3977.155885,3093.283527,902.655524,244.297868,3571.7284,3327.430532,2137.119958,711.940111,9.078771696,12.18543046,9.973753281,110.3932584,111.4845938,108.1967213,289.70588239999995,195.6521739,288.1578947,77.77777778,248.0,154.28571430000005,44.66292135,11.94968553,75.35014006,12.6394052,31.96721311,18.8034188,3.773584906,7.434944238,5.982905982999999,21869.82226,18795421.8,18.7954216,0,1,0,6849.554026000002,9487.932056,1487.998076,9,51,0.64,1.0,1.0
-2,762,764,290.403744,167.98281799999995,0.122584,40.640343,40.517758,13.968154,6.67455,5936.572489,14217.33477,8280.762286,9447.538587,1678.427972,8.591225,10296.07131,10287.48008,5238.02043,2294.956455,26.897653,10220.76341,10193.86576,5440.082449,2223.345761,3945.304027,11533.41597,7588.111937999999,7849.577133,1566.902515,8.648056924,12.84095678,13.56846473,105.9751973,109.2186128,109.019948,261.3924051,145.751634,158.1039755,122.3404255,152.4390244,167.6767677,45.88500564,12.77641278,88.58647937,13.37958375,35.73287077,16.01941748,8.5995086,6.739345887000001,7.281553398,43117.98989,79493490.81,79.49349213,0,0,0,14074.07341,6804.424322,3294.275596,9,46,0.99,1.0,1.0
27,383,356,139.20193500000002,77.910838,0.122584,29.621756,29.499171,9.140068,5.568492,8308.388496,14681.82148,6373.432986,11527.41898,1516.302377,34.91832,4056.069058,4021.150737,1372.151334,869.1393220000001,41.803365,3776.877103,3735.073738,1775.215279,786.7992320000002,17.135838,4542.593825,4525.457986,2122.402484,1020.306692,12.61829653,12.12938005,13.62530414,100.3159558,103.5665295,95.24940618,165.0,151.11111110000004,130.8035714,80.0,120.3125,140.0,44.70774092,16.96113074,89.84910837,10.83969466,35.1543943,23.64864865,9.187279152,4.580152672,13.51351351,23475.94576,21899058.21,21.89905739,0,0,0,11700.60925,4411.125835,1487.468266,12,94,0.76,1.0,1.0
712,2155,1443,1268.334007,309.800311,0.0,41.981731,41.981731,13.731416,7.894937,1696.936902,21935.42436,20238.48746,10713.17509,4401.927564,1083.306994,21306.05629,20222.7493,10195.42111,4494.9952189999985,1035.277836,21467.15744,20431.87961,9776.317072,4588.783021,1780.339417,21514.24895,19733.90954,10386.06249,4361.179622,9.516380655,7.960199005,8.541147132,120.2749141,121.1491443,123.7099024,269.39890710000003,311.1111111,305.83941610000005,81.37254902,182.8125,308.9285713999999,50.40091638,15.22727273,81.05134474,5.279034691000001,37.93584379,21.69117647,6.590909091,3.016591252,11.76470588,75905.03749,222972132.7,222.9721375,0,0,2,40429.17321,13066.5483,5266.111092,26,253,0.98,1.0,1.0
165,1922,1757,756.391208,325.832573,0.17336,51.021931,50.84857,18.739944,8.552825,32999.57255,41399.38031,8399.807769,37051.30469,1874.809909,4029.045243,11053.16091,7024.115662,7802.873214,1654.916372,9788.349815,23345.73092,13557.38111,15841.80416,3258.32211,9796.53796,21983.87789,12187.33993,15477.97102,3033.062277,4.722222222,3.870967742,4.850746269,143.24324319999997,174.3362832,173.4693878,841.1764706,1033.333333,823.0769231,118.75,385.7142857,1400.0,45.94594595,7.352941176,63.71681416,5.555555556,42.85714286,14.28571429,4.4117647060000005,1.388888889,2.380952381,38394.25315,70504338.8,70.50434113,0,0,0,37102.81996,8382.337099,3849.27703,1,7,0.0,1.0,0.99
0,275,275,57.969616,69.004313,0.0,34.83387800000001,34.83387800000001,5.888033,6.515023,39.106185,3587.80968,3548.703496,1837.223309,761.162827,23.413734,3910.381306,3886.967572,1337.714058,762.064714,30.873932,4759.2722079999985,4728.398276,1835.260835,925.330197,1255.801152,7404.899348999998,6149.098197,4046.212158,1324.05196,11.31781739,11.15689126,10.21280466,93.44978166,93.4969517,90.60495753,169.3259972,193.8450398,270.8815672,87.64705882,158.21782180000002,186.9098712,42.74958591,15.39274392,73.80021885,9.46833298,29.55451551,18.18181818,7.678760127,4.532937937,9.090909091,24269.6117,15269803.33,15.26980305,1,7,18,2266.142901,10748.77726,1535.822978,140,673,0.72,1.0,1.0
2,539,537,174.59026200000002,115.052044,0.0,60.00201,60.00201,13.859539000000002,9.562913,2167.473363,7829.208306999999,5661.734944,5118.080503,1282.746747,17.861781,4103.993747,4086.131967,1732.868707,842.5132390000001,45.132477,3534.9249979999995,3489.7925200000004,1875.463609,708.562615,3158.583776,10134.61882,6976.035039,6508.812489,1740.344921,8.480176211,14.28571429,13.56907895,111.16279070000002,105.6105611,106.4516129,266.2337662,133.7078652,185.4545455,120.5128205,283.8709677,156.14035090000004,47.44186047,8.823529412000001,74.42244224,17.29490022,29.54159593,12.06896552,5.8823529410000015,7.317073171,3.448275862,22334.61991,26367933.8,26.36793327,0,1,0,7013.689649,9316.931901,2177.422408,18,129,1.0,1.0,1.0
63,818,755,247.572304,149.056307,0.17336,47.651646,47.478285,12.933942,8.032521000000001,3369.924492,12726.57126,9356.646763,8515.154074,2490.713643,19.128103,6647.035233,6627.90713,2862.6537,1755.020964,24.983586,6820.141299,6795.157713,3129.578542,1683.23515,28.587885,6189.29178,6160.7038950000015,2947.102122,1247.077711,10.39823009,10.92607636,10.0707449,102.5089606,101.1437908,97.12879409,209.3617021,191.0780669,242.9752066,58.99280576,126.6055046,217.7083333,45.34050179,12.25296443,78.75816993,9.024896266,31.25512715,18.11023622,4.940711461999999,4.771784232,10.23622047,30984.48159,36823032.17,36.82303238,0,0,0,14420.792480000002,4481.15917,2048.3256260000007,30,169,1.0,1.0,0.98
-1,468,469,166.793694,109.142527,0.0,32.36620300000001,32.36620300000001,11.625742,7.64553,1116.032328,6136.58279,5020.550463000001,4112.959075,1286.831117,6.044657,2339.725785,2333.681128,1072.483182,599.829176,391.420483,5207.288877,4815.868394,3151.07162,1090.254678,319.856966,4845.29996,4525.442994,2496.321725,1068.803927,14.56582633,16.20421754,14.32942376,103.1294452,103.8461538,98.68287741,128.8461538,94.17808219,135.9430605,83.07692308,135.08771930000003,149.3975904,45.66145092,21.4953271,85.97285068,15.39473684,32.11752786,26.182965300000006,11.21495327,6.973684211,12.93375394,20198.00725,9961072.826,9.961072922,0,1,0,4998.505919,4072.019135,1728.6513899999998,26,132,1.0,1.0,1.0
202,1320,1118,710.966219,234.759387,0.0,41.178886,41.178886,15.779546,6.8226770000000005,16906.827230000006,26186.04324,9279.216004,22397.68326,1882.4991,6.8910860000000005,5393.979566,5387.0884799999985,2136.861111,1067.960024,8190.140284,20240.85197,12050.71168,13588.50038,2694.043403,4011.491833,15058.80424,11047.31241,9712.477238,2108.905534,8.05134189,5.070422535,7.383627607999999,110.0490196,121.1838006,118.5964912,378.2608696,622.2222222,454.3478261,119.5652174,259.25925930000005,305.55555560000005,37.25490196,8.552631579,68.22429907,5.02283105,30.87719298,18.18181818,3.289473684,2.283105023,10.22727273,49955.11294,90547399.76,90.54740143,0,1,0,31849.79192,6380.585511,3311.517678,3,14,0.67,1.0,1.0
-3,87,90,22.197902,17.313057,0.0,16.293179000000002,16.293179000000002,3.4276720000000003,2.624069,387.196401,8809.622743,8422.426341,5055.957227,1977.087534,356.785859,5978.220795,5621.434935,2735.482658,1314.612382,40.789857,5809.851942,5769.062085000001,2859.476446,1335.5713119999998,23.285237,4826.051927,4802.76669,1992.144835,1085.585202,11.015625,12.52601703,11.24180486,102.9330163,102.6457055,99.61508853,173.0496454,148.1873112,213.3790738,78.98550725,130.212766,195.27897,47.36424891,13.30543933,79.83128834,10.80691643,32.17859892,16.86602871,6.443514644,4.851104707,7.775119617,32846.06758,29271828.85,29.27182961,0,1,0,6777.624784999999,3744.248477000001,1738.329164,41,232,1.0,1.0,1.0
94,884,790,350.40379900000005,194.573358,0.0,41.267117,41.267117,12.375312,7.309943,5819.568754999998,17688.56296,11868.99421,12096.68266,2582.6404190000007,188.858192,8355.309177,8166.450984999998,4120.971778,1787.4307789999998,394.418409,8542.567806000001,8148.149397,4264.962507,1911.77839,353.103025,8384.417937999999,8031.314912999998,4149.721921,1814.029507,11.54249738,12.74787535,11.92307692,108.9912281,106.6341463,105.94059409999998,185.4545455,148.88888889999996,187.5,77.55102041,117.0,148.5148515,51.4254386,13.2196162,82.34146341,11.96682464,32.97029703,16.51651652,7.675906182999999,6.279620853,8.108108108,34413.118330000005,55980582.83,55.98058319,0,0,0,11515.69828,2247.112313,3777.86706,21,120,0.99,1.0,1.0
-1,557,558,123.363566,117.705296,0.0,39.141506,39.141506,9.61065,7.8857979999999985,999.130781,9422.319418,8423.188637000001,5347.945117,2127.162488,6.503814,2959.942155,2953.438341,989.039562,647.47324,14.685169,3795.750467,3781.065298,1732.74701,757.847941,27.200588,3634.426337,3607.225749,1514.073301,770.598524,13.87131615,15.11122812,13.75230082,95.74146783,95.79896907,93.48766217,118.7986652,98.43205575,141.5869981,64.76964770000001,101.0695187,126.0969977,46.7230444,17.12992889,86.52061856,13.10694072,33.78275248,20.2560241,9.566903685,6.136431338,9.789156627,25183.25722,26430011.76,26.43001175,0,2,24,10243.17572,13420.81165,2118.387699,31,160,1.0,1.0,1.0
5,294,289,89.335146,64.58867099999999,0.17336,27.439709000000004,27.266348,9.082973,5.587239,8052.915470999998,12966.13959,4913.224118,10580.9891,1186.934426,1305.484252,5682.169304,4376.685052000002,3455.134248,1127.7172369999996,1894.648606,6155.142657,4260.494051,3938.717585,1050.969958,1456.901787,5744.979603,4288.077815,3675.137344,1050.786176,15.90909091,16.91047396,16.46734131,100.6514658,106.1519903,98.17684594,115.8163265,79.23875433,88.82681564,62.90322581,84.0,110.2803738,50.16286645,19.48051948,98.79372738,13.43101343,39.10665451,24.94172494,6.818181817999999,6.227106227,15.85081585,16195.35509,16319686.26,16.31968689,0,1,0,12099.00883,3874.730807,1877.981555,36,207,0.68,1.0,1.0
-6,165,171,30.224336,26.098726,0.0,24.13191,24.13191,4.582161,3.622648,6007.560217,11443.64376,5436.083544,8647.202454,1055.701806,698.526295,6567.562712,5869.036417,2906.12707,1182.307323,7.880322,6498.205856000001,6490.325534000001,2649.900909,1219.133063,36.755425,5583.530734,5546.7753090000015,1929.572949,1159.045809,11.14023591,12.42290749,12.7297885,101.3192612,101.7777778,105.23326570000002,168.23529409999998,133.3333333,140.9937888,73.0,175.0,192.7374302,49.28759894,16.91648822,89.77777778,10.99009901,39.71602434,22.06332993,8.672376874,5.0,11.03166496,27297.00179,24416237.28,24.41623688,0,0,2,6207.400390999999,2877.951206,1154.985406,117,554,0.98,1.0,1.0
143,945,802,537.673054,166.579695,0.0,53.166782,53.166782,19.143392,8.915267,11870.7805,18734.86498,6864.0844769999985,15233.68086,1572.009115,5667.799407,12532.00616,6864.206748999999,8955.996258,1584.032273,5610.075247,12468.30706,6858.2318129999985,9041.449741,1554.5316810000004,3896.761694,10305.86308,6409.10139,7046.458422,1544.7070210000004,8.230452675,3.167420814,8.031088083,101.659751,110.4761905,109.7826087,377.5,928.5714286,419.3548387,144.4444444,300.0,740.0,36.51452282,6.818181817999999,73.33333333,5.194805195,31.52173913,17.24137931,2.272727273,1.298701299,3.448275862,24235.42289,34113722.12,34.11372375,0,0,2,21069.51876,7275.698484,1756.1369960000004,6,40,0.0,1.0,0.05
191,1238,1047,560.128837,229.722251,0.122584,42.514904,42.39232,14.108803,7.064802,11312.88001,22346.00304,11033.12303,18213.80289,1902.264826,25.482726,6548.910442,6523.427715,3297.936751,1697.7937329999993,20.372038,10263.15933,10242.78729,4387.859483,2768.000703,16.543460999999994,8993.941614,8977.398153,3668.813602,2237.450917,7.75862069,7.49244713,8.500669344,95.16298633,96.78953627,98.93475366,377.7777778,395.1612903,402.3622047,66.94915254,283.3333333,339.0243902,40.16824395,10.47120419,63.49583829,6.554307116,31.29161119,14.04255319,6.544502617999999,4.68164794,7.659574468,46044.33209,70960862.11,70.96086121,0,1,0,25924.806,6208.478746,2836.668422,10,80,0.95,1.0,1.0
-1,223,224,27.317414000000007,43.395443,0.0,37.655891,37.655891,5.200383,7.967784,3109.532843,8954.13992,5844.6070770000015,6403.597314,1425.129264,4229.100493,8051.880268999998,3822.779775,6078.895933,898.59779,5815.839237,9527.514102,3711.674865,7476.714454000001,903.382871,4336.180579999998,8161.472882999998,3825.292302,6190.480163,895.9788279999998,15.44454629,15.15499426,12.33962264,99.45155393,101.464919,99.39804364,97.32937685,100.5050505,150.4587156,59.2,90.37037037,141.4285714,49.81718464,18.53211009,90.43947571,14.57800512,37.17080512,19.23076923,7.52293578,6.73486786,9.51417004,19105.8407,9236183.763,9.23618412,0,2,4,9468.170051,5161.692572999998,1158.552989,159,781,0.96,1.0,1.0
38,1534,1496,690.1920349999998,281.599027,0.7456109999999999,61.363567,60.61795600000001,24.7031,11.780254,38164.44567,49129.55518,10965.1095,43872.31787,2438.415584,22.326244,5864.2542090000015,5841.927965,2609.11926,1299.816615,10329.00136,19672.03471,9343.033346,14646.067469999998,2065.992052,10115.21647,19711.36878,9596.152312,14323.38996,2175.284554,4.494382022,5.464480874,3.459119497,102.2727273,109.1428571,114.8648649,812.5,660.0,1027.272727,333.3333333,1100.0,1066.666667,38.06818182,11.94029851,65.71428571,4.347826087,30.40540541,11.11111111,4.47761194,0.869565217,8.888888889,37488.24173,53047617.89,53.04761887,0,0,0,42433.23005,5787.680738,1982.733227,9,56,0.17,1.0,1.0
438,1950,1512,1061.20289,290.508132,0.346717,55.42334,55.076622,20.81203,7.768634,27223.33776,38210.53072,10987.19296,33122.27063,2796.160921,4966.984279,15562.98536,10596.00108,10170.34782,2516.588813,26851.1672,37276.9154,10425.7482,31906.64228,2328.052008,20652.23351,30265.10525,9612.871743000003,25369.65109,2066.993051000001,6.166219839,8.985507246000001,9.863945578,119.4117647,133.1081081,139.02439019999997,665.2173912999998,403.2258065,355.1724138,184.6153846,169.23076919999997,262.5,40.0,10.29411765,60.13513514,13.48314607,30.08130081,10.81081081,4.4117647060000005,7.865168539,8.108108108,40415.27489,69923098.82,69.9230957,0,0,0,49745.77791,7371.463427,3700.8049590000014,10,60,0.0,1.0,1.0
750,2109,1359,1257.175793,273.280847,0.0,50.128098,50.128098,18.465099,7.60769,18348.84975,31224.26195,12875.41219,24762.93588,2979.575359,10967.47272,21542.43384,10574.96112,17411.275169999994,2668.910746,18338.91278,29105.56799,10766.65521,24059.85533,2277.45532,18474.33659,27823.27637,9348.939785,23457.94349,1924.120155,6.741573034,3.238866397,6.046511627999999,181.0526316,183.908046,172.1518987,533.3333333,987.5,484.6153846,300.0,350.0,580.0,66.31578947,6.349206349,82.75862069,4.166666667,40.50632911,9.375,0.0,4.166666667,6.25,40829.683,89545586.11,89.54558563,0,0,0,40814.25472,8457.106359000001,4711.367048,10,45,0.0,1.0,1.0
-2,218,220,53.361198,43.79208,0.0,22.586258,22.586258,5.946606,4.408092,1749.9662629999998,7166.587470999999,5416.621208,4548.721402,1285.493929,2.92748,3384.211273,3381.283793,1601.104432,820.633786,8.823144000000003,3301.695524,3292.87238,1409.947871,795.915276,50.166416,3695.543494,3645.377079,1705.192436,843.610295,10.61289467,15.51826259,17.22984276,95.79220779,99.80276134,97.94701987,196.0,97.70992366,95.82524272,77.40384615,126.0115607,122.8873239,44.57142857,16.31701632,91.00591716,15.12787169,37.28476821,24.86678508,8.508158508,6.8053749460000015,13.14387211,17609.281430000006,17555264.72,17.55526543,0,1,0,5819.713051,10275.31305,2226.570647,17,76,1.0,1.0,1.0
278,845,567,496.166667,132.51608000000002,0.6129,39.144512,38.531612,19.655605,7.6100759999999985,41015.88241000001,44158.70908,3142.826663,42842.93219,734.324391,32.594186,2022.672299,1990.078113,1003.25419,377.780027,24225.09769,28627.05065,4401.9529619999985,26531.80996,1106.129977,24107.87577,28447.67905,4339.803278,26401.8654,1103.780466,13.77582968,11.11846459,10.59001513,94.04617254,98.81578947,90.48991354,150.9090909,192.2619048,244.2857143,93.90243902,120.8333333,176.0,46.29404617,15.7480315,88.81578947,7.555555556,32.99711816,17.46724891,8.398950131,2.666666667,10.04366812,13714.73831,7676278.961,7.676279067999999,0,1,6,50214.36469,8839.820181000001,1235.658666,51,205,0.82,1.0,1.0
48,797,749,271.90607,166.795525,0.0,57.062408,57.062408,16.329753,9.547071,13739.92826,19590.84994,5850.92168,16611.96655,1359.836963,15.521663,4886.849329,4871.327665,1775.798738,1046.108326,11141.28626,17478.137580000002,6336.851315,14155.95863,1361.555643,36.726435,6245.26147,6208.535035,2981.171234,1211.618094,10.03568243,10.98113208,12.30186079,104.3755697,105.5857254,102.0891365,245.7777778,206.5292096,190.1960784,126.2135922,146.5346535,232.2916667,44.48495898,13.31967213,82.93250582,11.50608045,34.05292479,20.24539877,5.9426229510000015,5.519176801,8.99795501,27268.23737,32036356.46,32.03635788,0,1,2,16796.3792,2277.246721,2621.424361,37,190,0.95,1.0,1.0
-70,306,376,122.20034,63.423444,0.0,40.995716,40.995716,7.292199,5.057279,2581.068049,10546.31182,7965.243767,6373.547002,1951.506055,2.874789,3417.815093,3414.940304,1214.383873,713.736122,21.682586,4365.431044,4343.748458,1715.927965,837.4696769999998,6.114006,3808.698185,3802.584178,1381.835143,727.572785,13.76274976,14.74249451,14.29253162,98.4197394,97.92270531,97.45583039,133.29949240000002,110.6788079,131.2186978,59.11214953,94.80519481,127.571116,45.91072914,18.29710145,85.24154589,13.31822046,35.78327444,17.77485188,8.876811594,5.950694248,7.965766952,29223.364380000006,32095696.18,32.095695500000005,0,0,8,4386.609967,8451.391296,2352.146231,26,173,1.0,1.0,1.0
14,708,694,281.904442,172.715412,0.17336,38.761547,38.588187,13.574138,6.8720729999999985,8783.135626000001,16427.179930000002,7644.044304000001,12781.16254,1795.009816,15.655126,7635.358906999999,7619.703781,2732.891074,1888.402916,6762.363415999999,13461.386369999998,6699.022953,10064.03313,1478.523442,40.109265,7000.001942,6959.892677,3318.9076670000004,1554.2102630000004,7.423117709,10.01890359,10.09268795,111.43497759999998,120.4166667,103.9915966,387.14285710000007,235.8490566,253.0612245,135.8974359,241.9354839,225.0,42.37668161,7.936507937000001,86.04166667,8.716707022000001,31.72268908,14.56953642,4.761904762,3.87409201,7.947019868,35370.99694,43695161.26,43.69515991,0,0,0,13426.83278,4412.519836,3539.8218810000008,8,60,0.0,1.0,1.0
837,907,70,856.2240800000002,10.368299,0.0,9.966614,9.966614,1.947525,1.586501,41.576798,1786.908309,1745.3315100000002,881.2736859999999,404.768842,151.352113,2218.6278230000007,2067.275710000001,1335.35206,526.6964780000002,61.068417,1854.155625,1793.087208,970.081509,445.439706,44.194268,2456.505212,2412.3109440000007,995.939501,561.864758,9.524251136,10.21698939,10.21566402,91.1540507,89.85774986,89.78888409999998,238.7536514,241.2380952,300.2222222000001,83.72483221,172.9977117,241.3249211,38.41517461,13.52099677,67.43026048,9.97260274,27.57432141,20.546875,7.245039225,5.260273973,10.15625,8669.222807,4097252.223,4.097252369,0,6,10,40531.38162,11804.24845,890.6981529999998,11,45,1.0,1.0,1.0
-1,189,190,45.903671,43.561509,0.0,28.719135,28.719135,4.479148,4.307399,2268.47586,13519.0394,11250.56354,9118.517421,2330.890713,4454.118402,9843.837131,5389.718729,7085.824403000001,1361.485284,4095.248268,10381.79318,6286.544909,7301.339776999999,1372.693547,2185.5463170000007,9717.885435,7532.339118000001,5542.462026,1596.759583,12.98969072,14.24719101,12.16245409,104.2105263,103.196347,104.6419098,123.4126984,120.0315457,180.1065719,99.43502825,133.1491713,156.3380282,48.47368421,19.54397394,82.73972603,12.74834437,35.41114058,16.85393258,10.2062975,5.960264901,6.741573034,37185.75417,37586877.45,37.58687592,0,2,4,8405.825475,8499.936764,1707.606568,167,972,1.0,1.0,1.0
4,379,375,106.776663,74.325404,0.0,34.270046,34.270046,7.814872,5.286548000000002,7916.092448,15723.84697,7807.754522,12575.10908,1800.00438,38.281165,5189.823564,5151.542399,2304.34702,1168.600719,39.478115,5932.902226,5893.424112,2752.249122,1257.923891,14.490758,4675.5736689999985,4661.082911,2330.704868,1094.399587,11.066599900000002,12.41830065,12.93031066,106.94300520000002,107.5581395,104.9913941,201.8099548,173.6842105,163.961039,92.10526316,161.038961,141.0714286,47.66839378,15.0,80.32945736,10.97708082,36.14457831,20.71428571,7.391304347999999,4.221954162,11.9047619,27424.503010000004,42221580.6,42.22158051,0,1,2,13004.24658,4328.391516,2175.725196,18,151,1.0,1.0,1.0
101,2002,1901,667.643642,363.651638,0.122584,51.717514,51.59493,19.161141,7.910147,27074.57173,35933.8461,8859.274373999999,31231.384110000006,1878.0976100000007,6695.397245,16649.102759999998,9953.705513,11774.18057,2162.325269,6382.45869,23855.10641,17472.647719999994,14842.6191,4617.599889,5236.321365999999,22450.87347,17214.5521,13630.69914,4426.595489,9.111617312,5.39083558,7.005758157000001,129.84293190000002,133.8235294,126.0303688,350.0,615.0,527.3972603,88.52459016,236.3636364,600.0,48.86561955,8.214285713999999,69.11764706,5.47112462,29.93492408,22.46376812,3.571428571,2.73556231,10.86956522,57399.75871,118092087.8,118.0920868,0,0,0,32327.21297,9669.37931,4374.534111,8,36,0.63,1.0,1.0
53,749,696,312.336538,157.453419,0.0,46.073116,46.073116,13.204655,8.09972,4225.843552,12951.7111,8725.867544,7995.551851,2193.395214,93.696289,4906.291889,4812.595601,3058.841746,1138.877077,395.257021,6321.652381,5926.395359,3741.38895,1363.204371,35.26267,5848.152201,5812.889531,3282.530332,1324.983721,9.820627802999999,11.28892734,14.0552017,96.64902998,99.48231234,102.8423773,225.1141553,191.1877395,164.35045319999998,71.33757962,138.7096774,163.91752580000005,45.32627866,10.50583658,81.62208801,11.31078224,33.93626184,23.60406091,4.280155642,4.756871036000001,9.390862944,25549.95997,36233975.99,36.23397446,0,1,4,10850.76949,5371.763913000002,2432.804922,1,6,1.0,1.0,1.0
45,690,645,272.745389,160.518497,0.0,45.122505,45.122505,13.474448,7.458869,9094.555133,17679.01825,8584.463117,13111.07046,2121.895581,2875.040002,10096.0457,7221.005695000002,6270.408472,1779.447096,3148.920111,9668.47868,6519.55857,6278.660397,1574.101918,23.425168,7508.989067,7485.563899,3347.52458,1812.980062,11.51358344,11.93568336,11.42857143,92.28855721,98.16176471,92.39766082,200.5617978,186.5284974,218.08510640000003,69.23076923,143.4782609,254.5454545,37.56218905,16.22516556,75.12254902,12.23491028,28.65497076,21.63265306,7.947019868,5.709624796,10.20408163,25685.83546,30348838.66,30.34883881,0,1,14,17796.90716,6018.847343,2678.750321,23,177,0.0,0.99,0.96
708,1319,611,958.996225,105.577849,0.0,36.369904,36.369904,12.52742,6.67328,9035.089842,17473.74106,8438.651222,13053.91817,2107.951955,1236.76821,7419.2020200000015,6182.43381,4836.735752000001,1504.759012,2334.534037,9854.856032,7520.321995,5937.257715,1833.902642,1670.931294,9340.226343,7669.2950489999985,5442.537671,1756.349525,11.61290323,7.547169811,9.459459459,115.2777778,103.8461538,111.4285714,261.1111111,375.0,271.42857139999995,54.54545455,87.5,425.0,48.61111111,5.714285714,75.64102564,8.474576271,25.71428571,27.77777778,0.0,1.694915254,5.555555556,24346.82832,36160566.29,36.16056442,0,0,0,32790.14207,4073.323568,2728.297618,0,0,0.29,1.0,1.0
801,1134,333,901.069265,66.99889,0.0,28.537191,28.537191,6.811106,5.439717,5168.516384000001,15765.24055,10596.72417,10554.79068,2443.890127,3875.773367,11225.08841,7349.315038,8011.635301,1835.376033,3958.501173,12465.83174,8507.330565,8502.897906999999,2174.896747,5071.560817000001,12127.38706,7055.82624,8926.150364,1845.200909,8.169934641000001,7.011070111,12.06225681,130.075188,131.6239316,125.4385965,356.0,410.5263158,209.6774194,144.4444444,316.6666667,675.0,58.64661654,11.53846154,70.94017094,10.84337349,29.8245614,32.35294118,5.128205128,4.8192771080000005,14.70588235,37156.88152,57486737.79,57.4867363,0,1,0,44179.8355,5677.020688000001,2684.700457,2,22,0.0,1.0,1.0
161,963,802,460.770302,169.170668,0.122584,45.501812,45.37922800000001,15.694237,7.381783,15133.96666,24009.08684,8875.120179000001,19642.79361,1998.71395,3403.034704,12457.50825,9054.473544,8252.872397,2182.281667,4260.831633,12854.19382,8593.362183,8698.703003,1978.618835,3579.284055,12390.20971,8810.925651000001,8271.264611,2155.345358,8.700102354,10.40076336,10.25145068,115.6732892,116.9772257,117.6842105,255.2941176,199.0825688,257.5471698,104.7619048,266.6666667,200.0,52.09713024,16.10169492,82.81573499,8.5,35.15789474,16.16766467,8.474576271,5.0,8.383233533,38664.12395,66136901.71,66.13690186,0,0,0,19360.35117,7115.197053,3957.77609,22,108,0.94,1.0,1.0
84,1385,1301,467.052504,254.404086,0.0,51.805984,51.805984,17.476096,9.287941,12783.15504,22541.18624,9758.031198,17986.7269,1897.645751,1623.203311,16252.5,14629.29669,8231.821423000001,3105.210653,7647.765777,17748.523719999994,10100.75795,12608.9015,2342.129794,2567.694251000001,13756.00706,11188.31281,8787.939682,2294.25737,8.427454387000001,6.532180596,5.811138015,110.8058608,110.3030303,121.4477212,344.32989689999994,447.0588235,614.5833332999998,89.83050847,176.19047619999995,370.0,42.12454212,8.260869565,69.29292929,4.373177843,33.51206434,8.8,2.608695652,0.5830903789999999,7.2,57428.44617,87558720.85,87.55872345,0,0,0,17875.863869999994,6884.744771,2897.54603,10,47,0.0,0.95,0.92
-3,311,314,92.372707,66.396863,0.122584,21.837065,21.71448,7.754327,4.34503,14730.80183,19342.58485,4611.783026,16869.0132,1136.151849,5349.645545,9241.334533,3891.688988,7173.979204,879.8893519999998,4687.261384,8865.020719,4177.759335,6772.438647,1034.062187,5528.065703,9418.998563,3890.93286,7361.791606000002,845.963761,11.60949868,11.01265823,8.771929825,106.5395095,104.6632124,102.4590164,214.7727273,217.2413793,286.1538462,91.17647059,156.25,190.0,45.50408719,19.76047904,76.94300518,6.7340067339999985,31.42076503,14.7826087,7.784431137999999,3.367003367,7.826086957,15449.18284,15264555.92,15.26455593,0,1,2,14300.87176,2509.966438,1412.958202,43,263,0.82,1.0,1.0
233,1488,1255,719.5908009999998,208.33915,0.245168,40.911079,40.665912,17.696422000000005,7.362734,23622.91461,32892.087060000005,9269.172447,27966.78767,1944.427699,1825.6432,11230.51013,9404.866926,5743.715463,2207.277121,14151.87203,25189.19006,11037.31804,18809.18473,2616.799071,6831.869444,15948.29008,9116.420634,11178.56349,2378.01379,10.06711409,8.045977011,7.383966245,111.3475177,117.5,125.7142857,275.0,359.5238095,454.2857143,72.09302326,190.9090909,286.6666667,42.55319149,15.0,72.91666667,6.857142857,36.19047619,21.05263158,5.0,2.285714286,10.52631579,36338.93805,57248422.6,57.24842072,0,1,0,33908.849160000005,5893.787401,2958.984338,1,10,0.0,0.89,0.94
324,1544,1220,775.958573,242.635489,0.6129,45.409283,44.796383,17.207588,7.417466,13777.13848,29615.83431,15838.69583,21721.07158,4039.845759,7157.512404000001,17792.74186,10635.22946,13867.5504,2515.014012,7647.42218,23489.3396,15841.917419999998,15537.04258,4045.025511,7259.395562999999,16784.51611,9525.120551,12699.76395,2203.915752,9.227467811,10.73059361,4.747774481,131.84079599999998,132.9787234,140.71428569999998,253.4883721,227.6595745,525.0,123.0769231,136.8421053,152.63157890000005,55.2238806,8.108108108,81.38297872,7.189542484,46.42857143,6.153846154,2.702702703,3.267973856,3.076923077,39679.76744,35547807.92,35.5478096,0,0,0,27725.562360000004,3260.352683,3944.366247,18,121,0.0,1.0,0.79
0,181,181,46.649704,31.553598,0.0,22.059904,22.059904,3.296098,3.0309220000000003,1115.017497,5339.028902,4224.011406000001,3285.4751300000007,971.757082,36.136074,4418.186028,4382.049954,1829.369852,958.882464,16.02252,4275.898377,4259.875857,1774.7986010000004,880.468098,20.465398,2903.206446,2882.741048,1249.175553,588.908167,16.5237398,16.61066598,15.08426121,96.58717105,96.16359642,95.6432146,66.4556962,65.40456432,114.6633416,48.02631579,103.4539474,142.5,46.64884868,23.44645218,84.04596924,13.67383873,34.78068884,22.89462548,12.1198766,7.198873919,10.83368599,22676.17861,17305547.51,17.30554771,1,1,8,2573.177405,2337.293015,1896.187715,60,256,1.0,1.0,1.0
57,839,782,233.833692,148.915669,0.0,41.49762,41.49762,10.567905,7.479365,7997.604265000001,14568.02687,6570.4226,11747.61891,1432.804372,19.575196,7856.00425,7836.429054000001,3076.701335,2035.022666,14.133468,7828.971931999998,7814.838464,3200.912116,2008.149649,4055.806642,11100.88824,7045.081601999998,7910.23601,1344.669587,13.86625673,15.07828455,15.57848995,100.1538462,106.9014085,99.32871373,133.2594235,97.74266366,109.3444909,80.96590909,94.17721519,113.7777778,49.35384615,15.77306733,97.30046948,12.88299156,36.50931139,21.29300119,7.481296757999999,5.669481303,10.67615658,37020.23972,47611782.16,47.61178207,0,0,10,16490.042390000002,8506.308196,1944.29429,23,117,0.98,1.0,1.0
74,873,799,342.044524,195.499861,0.0,41.200611,41.200611,12.914415,7.929883999999999,9532.560689,22878.65535,13346.09466,16476.754719999994,3491.266024,108.916544,3959.129591,3850.213047,1700.130683,798.473073,1874.511629,14856.53815,12982.02652,9150.625404,3432.799315,6572.455269,14320.600080000002,7748.144809,11149.98501,1721.696607,7.529089665,8.440721649,11.79941003,100.6868132,101.8205462,111.6104869,373.6363636,304.5801527,214.0,82.10526316,150.7246377,261.1111111,42.99450549,4.792332268,75.5526658,7.7452667810000015,34.45692884,26.44927536,1.597444089,4.13080895,10.50724638,36673.32511000001,36303922.11,36.30392075,0,1,0,19889.92565,7195.889319,1795.018666,11,82,0.83,1.0,1.0
-4,366,370,95.757667,99.83881,0.0,55.53440500000001,55.53440500000001,11.509911,11.332966,50.453342,3180.20252,3129.749178,1640.610378,715.8352219999998,3238.880618,6692.044231,3453.163612,4989.695193,705.7592530000002,4282.356146,7486.84108,3204.484934,5838.318293,717.218485,3131.25589,6914.990312999998,3783.734423,5200.877014,800.599202,13.68710287,13.25966851,12.40577604,100.1718804,98.18648417,94.98848946,120.2007528,133.0729167,188.2869693,66.43159379,115.65656570000002,148.78957169999995,48.41870058,17.11040114,82.29255774,11.28898129,34.86807154,20.31488065,7.774227902000001,5.239085239,9.903504317000001,15355.32768,11339046.34,11.33904648,0,1,0,4644.553738000001,2260.576607,1581.62931,71,368,0.81,1.0,1.0
-10,548,558,78.663712,84.316789,0.0,33.212456,33.212456,7.454801,5.557918,23599.92195,32439.07705,8839.155106999999,28276.63182,2102.361341,5.161329,6923.8439370000015,6918.682609,2568.7410670000004,1607.851262,33.702976,6578.540639,6544.837663,2870.561859,1239.635798,5.090655,6730.2694040000015,6725.178749,2955.996596,1423.290712,13.24949472,11.80124224,10.11539406,103.2405294,101.7002237,96.47853353,141.35593219999996,171.2406015,246.6019417,66.54275093,110.9589041,198.2248521,48.9274304,16.88432836,80.98434004,10.11049724,32.89917993,18.32844575,7.742537313,4.972375691,9.090909091,38118.38541,41576366.76,41.57636642,0,2,2,25837.74281,4138.362645,2655.949753000001,156,778,1.0,1.0,1.0
-2,284,286,94.61544,53.473131,0.122584,27.53808,27.415496,6.442407,4.417719,1235.467878,9768.285147,8532.817269,5906.95703,2023.37143,389.859868,7172.2415150000015,6782.381647,3483.8749310000007,1642.624771,427.338891,7489.596919,7062.258029000001,4031.039607,1652.277052,488.41282,7132.294319,6643.881499,3389.526511,1606.779126,11.34984833,12.25247525,12.8574805,94.68503937,94.04418828,94.70777727,189.3095768,168.0808081,175.73529409999998,76.88888889,135.2941176,165.5913978,41.58464567,17.514792899999996,74.2074928,11.45631068,33.68614818,21.99453552,8.165680473,5.436893204,9.972677596,27825.48534,28550218.97,28.55021858,0,1,0,3822.722538,6387.691979,1184.110263,118,499,0.95,1.0,1.0
560,1246,686,870.321201,141.249612,0.27410500000000004,42.261524,41.987419,15.83935,7.453367,5218.700028,11242.10885,6023.4088200000015,8409.78617,1384.936716,20.74592,5651.381956,5630.636036,1973.835927,1266.860257,31.771343,4027.529301,3995.757957,1583.653168,939.046206,16.756299,5371.432432,5354.676134,2254.005725,1080.865168,7.26744186,5.802047782000001,4.0983606560000005,113.6645963,138.2113821,139.21568630000002,592.0,617.6470588,890.0,80.0,314.2857143,450.0,34.16149068,9.090909091,65.04065041,5.0,42.15686275,16.27906977,1.818181818,2.5,4.651162791,27481.6504,31127912.54,31.12791252,0,0,0,33125.33501,7446.852387999998,2489.149577,1,8,0.0,1.0,0.99
134,809,675,351.06568,148.08771399999995,0.17336,40.543007,40.369647,13.573247,6.9494940000000005,13129.10022,17851.94571,4722.845491,15461.1575,911.348784,4795.311296,11167.00765,6371.696358,7989.661190000002,1335.546379,4755.028251,11301.68881,6546.660554,8012.020712,1395.018165,7466.076912,13239.21859,5773.141677000001,10505.68299,1174.167553,12.0,10.0591716,10.21194605,105.078125,105.2631579,110.1214575,187.3015873,266.6666667,279.24528300000003,200.0,123.0769231,194.7368421,41.40625,15.09433962,72.06477733,12.92134831,35.22267206,21.83908046,5.660377358,7.303370787,13.79310345,23094.81089,17975254.02,17.97525406,0,0,0,21422.32376,5433.416418,2111.942556,7,27,0.44,1.0,0.97
208,1212,1004,537.546025,185.139985,0.367749,45.433411,45.065662,17.263489,7.985985,18840.01174,25709.45487,6869.443134,22534.08929,1692.5845399999996,7535.140348999998,14901.39746,7366.257109,11324.2621,1867.743982,11648.29825,19140.27497,7491.976729000001,15363.51314,1801.836754,12476.85992,18245.00677,5768.146846,15711.39746,1254.435514,12.51266464,10.61204344,10.62567422,103.9256198,99.80276134,101.9607843,158.7044534,198.6046512,239.5939086,80.50847458,127.3584906,226.1538462,46.59090909,15.07760532,81.16370809,6.8043742410000005,33.76906318,18.70967742,6.651884701,3.40218712,6.774193548,25959.56535,39147479.06,39.14748001,0,0,0,28695.42591,5006.550018999998,3441.375351,12,85,0.0,0.96,0.99
88,1603,1515,776.455896,315.147983,0.122584,62.159378,62.03679399999999,18.674363,9.606822,18308.60791,32658.05309,14349.44518,25739.3891,3098.891527,19.447819,18195.29257,18175.84475,7817.971434999998,5231.704696,14185.674969999998,27866.06217,13680.3872,20886.90837,2836.741799,4289.1250009999985,16861.49108,12572.36608,11041.88375,3080.523474,9.744931328,7.0226773960000015,7.198612316,110.02747250000002,115.615142,125.1953125,272.4832215,373.9583333,431.3253012,87.09677419,165.5737705,530.0,44.09340659,9.968847352000001,75.70977918,4.166666667,33.7890625,16.76300578,4.672897196,2.5,8.670520231,68922.37131,214043184.6,214.0431824,0,1,0,26250.320880000007,3070.142259,3714.54809,30,167,1.0,1.0,1.0
344,1314,970,791.4067200000002,191.891734,0.27410500000000004,43.142975,42.868869,18.623991,7.525985,11049.5346,22913.41874,11863.88414,17032.53531,2979.803094000001,5840.878276,19650.90664,13810.02836,12990.04324,3165.504004,3383.136672,18562.83398,15179.69731,11214.49765,3480.579101,5981.465947,19631.25174,13649.78579,12976.49953,3188.309366,5.424528302000001,5.79064588,5.793450882,135.5555556,133.8541667,145.0617284,465.2173913,434.6153846,556.5217391,216.6666667,266.6666667,309.0909091,50.0,6.666666667,88.54166667,5.294117647,41.97530864,13.23529412,0.0,2.9411764710000003,1.470588235,45982.11203,89455381.08,89.4553833,0,0,0,27375.85736,14336.85817,5332.784744,2,12,0.0,1.0,0.95
89,1551,1462,1032.654072,282.65911,0.6934100000000001,57.256172,56.562763,25.537126,11.015862,48324.63884,55885.62946,7560.990612,52584.42963,1676.535541,1912.566004,9348.716125,7436.150121,6073.757497,1963.178807,15433.10191,20053.70115,4620.599241,17669.29327,897.1841,13938.47361,18665.19403,4726.720418999998,15880.52797,1026.591623,6.451612902999999,3.846153846,1.694915254,121.4285714,168.96551719999997,210.5263158,650.0,800.0,2700.0,200.0,0.0,600.0,35.71428571,10.0,41.37931034,8.333333332999999,42.10526316,0.0,10.0,8.333333332999999,0.0,22351.37839,16259857.66,16.25985718,0,0,0,42756.5649,4905.974491,4033.6442,2,4,0.0,1.0,1.0
269,1877,1608,838.304579,289.754225,0.387641,48.494053,48.106412,21.138335,7.833895,19112.3138,29039.23087,9926.917074,24882.15753,2441.016022,12078.46364,21857.87291,9779.40927,17911.801,2284.699061,12970.91905,23604.89672,10633.97766,19276.73138,2397.514759,11971.28388,23249.89611,11278.61224,18601.390730000006,2664.433115,4.0,2.702702703,5.405405405,171.08433730000004,213.559322,236.3636364,966.6666667000003,1300.0,450.0,300.0,320.0,600.0,67.46987952,5.357142857,88.13559322,3.846153846,59.09090909,15.38461538,1.785714286,1.923076923,15.38461538,35403.7612,52600641.57,52.60064316,0,1,0,32837.53989,7172.404422,3087.800815,2,11,0.0,1.0,1.0
906,1527,621,1017.329197,94.400724,0.0,28.227594,28.227594,7.237073,4.972708,6139.179307,18332.89391,12193.7146,11588.78642,2811.645045,36.190103,8486.546012,8450.355909,3798.637543,1907.005969,126.015066,8836.265386,8710.250320000001,4266.610320000002,1898.230244,37.270926,9633.694498,9596.423573,3971.0170450000014,2213.5566280000007,8.673469388,6.12244898,5.097613883,101.7647059,107.0422535,113.4259259,418.487395,566.6666667000002,780.8510637999998,87.5,140.4761905,376.0,35.29411765,12.91666667,59.15492958,5.654761905,29.39814815,12.5984252,5.833333333,3.273809524,5.511811024,39730.21466000001,83631881.12,83.63188171,0,0,2,51475.78525,7545.643729,3965.31269,4,24,1.0,1.0,1.0
325,2492,2167,1174.707547,437.193506,0.122584,56.140625,56.018041,22.156923000000006,8.601386999999999,37326.80589,51766.95004,14440.14415,43934.54401000001,3238.252728,7.278361,8682.393678,8675.115316,3182.227519,2063.910802,27638.29976,43179.14135,15540.841580000002,35716.37327,3499.05881,22281.76759,32104.474060000004,9822.706466,27744.89244,2550.023612,9.090909091,8.156028369,4.735376045,110.6904232,114.7208122,109.32944609999998,382.5581395,437.6811594,714.7058824,151.5151515,146.4285714,221.4285714,43.4298441,15.8974359,64.97461929,7.8125,27.11370262,9.677419355,8.205128205,4.6875,7.52688172,51020.0938,133133832.1,133.1338348,0,1,0,49751.94043,6115.92915,4584.867152000002,34,128,0.0,1.0,1.0
750,1275,525,982.275248,101.976454,0.0,34.415546,34.415546,10.039598,5.362587,7940.497383,18318.90355,10378.40617,13750.44533,2250.080835,51.958133,12214.24807,12162.28994,5564.194968,2739.39437,47.387743,12492.3332,12444.94546,5643.054025,2735.000727,237.258304,12259.56888,12022.31058,6033.720958,2582.962522,4.191616766,4.575163399,4.430379747,127.2108844,128.35820900000002,125.7142857,1007.142857,835.7142857000001,714.2857142999999,300.0,350.0,380.0,38.0952381,12.5,53.73134328,6.944444444,34.28571429,18.75,3.571428571,5.555555556,8.333333332999999,51052.93226,88872513.84,88.87251282,0,0,0,51990.2861,5501.742802000002,6189.5233229999985,8,58,0.0,0.63,0.09
680,1281,601,908.643266,120.341901,0.0,44.866497,44.866497,9.300841,6.193033,15305.70409,34195.219260000005,18889.51517,24056.44907,4195.365309000002,253.27272,13862.12905,13608.85633,8072.560186,2940.334138,1714.359994,26938.56524,25224.20525,14883.89361,6033.461711,1462.098728,23981.13081,22519.03208,13970.82204,5029.685904,5.775862069,8.287795993,7.180020812,115.61338290000002,132.6271186,132.12560390000002,650.7462687000002,368.1318681,443.4782609,173.5294118,225.0,278.125,43.49442379,7.692307692000001,77.75423729,8.446866485,37.43961353,9.677419355,3.846153846,3.814713896,3.225806452,163568.5784,298145669.0,298.1456604,0,0,2,55422.1532,2468.1695170000007,3746.600435,24,111,0.0,1.0,0.99
-9,407,416,98.258387,72.505346,0.0,38.010422,38.010422,9.138384,6.8267419999999985,30468.82035,39867.04447,9398.224124,34976.31642,2323.905122,10.535554,4624.24766,4613.712106,1873.618561,1063.182761,17.315663,4568.97315,4551.657487,1989.64416,1038.070567,42.251126,4692.130311,4649.879185,2371.435333,1005.1803,12.4665392,12.75764037,13.85498923,104.7768207,105.40145990000002,105.1546392,170.2453988,151.810585,167.6165803,66.1971831,142.8571429,218.1818182,47.61158966,16.11842105,85.10948905,13.03602058,34.16789396,23.92241379,7.894736842,6.003430532,12.71551724,34096.11564,51256540.08,51.25653839,0,0,12,32545.71882,2468.172609,3073.433879,107,633,1.0,1.0,1.0
247,1682,1435,716.3205,251.176248,0.122584,62.624386,62.501801,22.598704,8.880146,21376.29175,33731.989310000004,12355.69756,28410.473830000006,2726.459185,2558.984509,17831.08929,15272.10478,10865.87997,3745.141257,12734.52434,26315.743130000006,13581.21879,20661.15312,3173.54601,7382.73715,17813.3077,10430.57055,12877.10164,2540.760533,12.07430341,9.302325581,8.556149733,112.03501090000002,105.7416268,115.5619597,183.7606838,293.75,339.0625,87.09677419,111.627907,216.12903230000003,50.32822757,13.91304348,73.44497608,4.885993485,34.58213256,24.16666667,8.260869565,3.908794788,12.5,48203.71943000001,87482314.8,87.48231506,0,1,2,33837.99362,5052.512126,4048.590984,10,50,0.29,1.0,1.0
150,870,720,429.99678200000005,182.276557,0.0,39.624466,39.624466,12.71304,6.913056,16019.04976,25023.5992,9004.549444,19734.92223,2030.152611,2771.35507,13120.42952,10349.07445,7340.85012,2206.527357,7611.908046,16367.28225,8755.374204000002,11069.32242,1903.356934,11097.36414,18649.972380000007,7552.608233,14814.22359,1842.082813,11.69354839,9.868796349,11.07692308,110.9356015,108.4423306,108.0665813,218.71921180000004,276.300578,222.7777778,97.91666667,108.045977,198.4126984,45.80801944,15.91511936,80.26159334,8.740740741,36.87580026,18.05555556,7.957559682,5.185185185,9.375,38756.35663,50925126.71,50.92512512,0,1,2,24542.37417,3364.998813,2203.640557,23,169,1.0,1.0,1.0
0,437,437,112.661945,80.694858,0.122584,27.935255,27.812671,8.587506,5.689353,917.164994,9891.028941,8973.863947,5513.926289,2394.943012,57.82539300000001,3427.732842000001,3369.9074490000007,2113.870151,702.344068,357.027199,4532.54657,4175.51937,2522.450183,843.475171,335.250873,5557.621555,5222.370682,2871.086777,1171.836779,13.59426352,14.63482366,13.769580599999998,97.11425206,101.5109121,96.13478692,140.2197802,124.6679317,144.587156,82.27848101,130.4964539,127.8026906,45.75971731,22.39382239,79.85450476,11.91310441,32.5074331,19.81707317,12.0978121,5.395935529,10.21341463,25952.95129,28424493.34,28.42449379,0,0,0,9800.767314,9562.771833,1269.35433,10,64,0.98,1.0,1.0
152,735,583,363.969076,136.276553,0.27410500000000004,29.921757,29.647651,10.768345,5.145302,13653.56225,21518.92944,7865.367190000001,17157.62179,2026.530556,11073.86194,14395.16844,3321.3065,12678.2504,683.5653440000002,5638.226343,11515.62529,5877.398943,8592.659167,1279.972384,432.846985,4596.783552000001,4163.9365659999985,2219.023421,880.927827,4.347826087,5.333333333,6.52173913,104.4444444,104.9180328,120.8,775.0,590.0,488.88888889999987,200.0,337.5,225.0,38.33333333,2.898550725,65.02732239999999,8.403361345,30.4,15.78947368,0.0,5.8823529410000015,5.263157895,21999.01029,19628523.8,19.62852287,0,0,0,22527.0631,7025.784393999998,2412.441843,0,0,0.49,1.0,1.0
-3,808,811,217.173197,167.65014,0.0,41.322651,41.322651,12.887623,7.796028999999999,3920.878121,15689.758,11768.87988,10335.19824,2847.47955,357.715762,10308.59247,9950.876705,5363.606629,2267.792523,125.94534099999998,11371.85122,11245.90587,6176.768869,2497.017254,40.760135,9913.952636,9873.1925,4882.602629,2153.580515,9.964726631,9.955752212,12.29831481,106.557377,113.8801262,114.5384615,250.0,216.6666667,182.2157434,131.8584071,169.31818180000005,208.6538462,44.71766849,15.88594705,89.82649842,9.218612817999999,36.53846154,18.73684211,8.553971487,4.653204565,8.0,40612.69807,77793552.89,77.79355621,0,1,2,9344.076767,3885.421461,2932.312878,35,197,1.0,1.0,1.0
